Metric,LR_Test,XGB_Test
Accuracy,0.7117493906492356,0.7111123421227565
Precision,0.8881997849995865,0.8529012810851545
Recall,0.542584360476864,0.5717316629622146
F1,0.6736492207344226,0.6845702534325289
AUC-ROC,0.7660201894125078,0.7751037046478446
